task_id,cover_id,severity,macro_array_index,macro_phase_index,macro_start_sec,macro_end_sec,macro_duration_sec,child_count,child_array_indices,child_start_sec,child_end_sec,child_span_sec,coverage_ratio,macro_caption,child_captions
019e09ed-3609-714e-b2c4-b0b1d745487e,CG-000001,high,2,2,29.744,43.804,14.06,2,"5,6",32.5,41.916,9.416,0.67,"The right hand lifts the tall clear bottle containing a black liquid while the left hand holds the tall clear bottle containing a black liquid, and then the left hand releases the tall clear bottle containing a black liquid and reaches to pick a black cap and places the black cap on the tall clear bottle containing a black liquid and twists it in an anticlockwise direction to tighten it. And both hands place the tall clear bottle on the counter and lift both hands off the tall clear bottle containing a black liquid beside the bottle containing a brown liquid.","The left hand places the small clear glass bottle in the corner of the counter while the right hand stays idle. || The left hand grasps the clear glass bottle containing dark liquid while the right hand picks up the black plastic pump lid, places it onto the bottle, and twists it to tighten."
019e09ed-3609-714e-b2c4-b0b1d745487e,CG-000002,critical,3,3,43.804,54.766,10.962,2,"8,9",45.333,54.75,9.417,0.859,"The right picks up a red cap, and both hands hold the cap, and then the right releases the red cap and picks up a red-labeled bottle while the left hand places the red cap on the red-labeled bottle and twists it in an anticlockwise direction to tighten it. Both hands then place the bottle on the counter next to the tall clear bottle containing a black liquid and release the bottle.","The left hand grasps the large clear glass bottle containing reddish liquid while the right hand picks up the small red cap, places it onto the bottle, and twists it to tighten. || The left hand carries the large clear glass bottle containing reddish liquid to the corner of the counter and sets it down."
019e09ed-3609-73f6-b025-e62f04907a49,CG-000003,critical,7,7,48.333,80.75,32.417,2,"8,9",60.0,77.667,17.667,0.545,"The left hand picks up a black cable. The right hand repeatedly loops the black data cable around the fingers of the left hand, which holds the growing coil steady.","Both hands grasp and lift the grey data cable from the white table, and the right hand begins wrapping the cable around the left hand's fingers while the left hand holds the starting end steady. || The right hand repeatedly loops the grey data cable around the fingers of the left hand, which holds the forming coil."
019e09ed-3608-7be5-92f2-d808b5928711,CG-000004,critical,11,11,63.75,94.667,30.917,2,"9,10",63.75,80.0,16.25,0.526,The left hand picks up another glass cup. Both hands rub and rinse the glass cup under the running water. The right hand places the cup on the edge of the sink next to the cleaned cups while the left hand picks up another cup.,  ||  
019e09ed-360a-75ab-a2fe-cfe7d4c96091,CG-000005,high,5,5,46.333,65.667,19.334,2,"6,11",55.0,65.333,10.333,0.534,"The left hand picks up a dirty white plate from the counter and brings it under the running water, the right hand scrubs the plate with the yellow sponge, and the left hand places the clean plate into the grey dish drying rack.","The left hand picks up a dirty white plate from the counter and brings it under the running water, the right hand scrubs the plate with the yellow sponge, and the left hand places the clean plate into the grey dish drying rack. || "
019e09ed-360a-75e1-b489-c74642b1025c,CG-000006,high,3,3,18.55,36.1,17.55,2,"4,5",25.666,34.834,9.168,0.522,"Lower both hands, and then the right hand grasps and unplugs a white charger from the white power strip, and the left hand grasps the charger body, while the right hand wraps the attached white cable around the charger body, while the left hand holds the charger.", || 
019e09ed-3607-713b-9492-6e55169e6c62,CG-000007,critical,2,2,14.8,34.0,19.2,3,"3,4,5",16.667,33.083,16.416,0.855,"Both hands move to the right over the light blue pajama shirt on the bed. While the left hand presses the left side of the pajamas, the righ thand fasten the buttons from top to bottom, then both hands smooth it at the bottom.","The right hand folds the right sleeve of the patterned pajama shirt inwards, and the left hand folds the left sleeve inwards. || Both hands grasp the bottom hem of the patterned pajama shirt, fold it upwards twice, and lift the bundled fabric from the bed. || Both hands place the folded patterned pajama shirt back onto the bed, lift it, and carry it to the left side of the bed to release it."
019e09ed-3607-7038-8ddc-baef65f0cc3c,CG-000008,critical,6,6,0.0,76.333,76.333,6,"0,1,2,3,4,5",0.0,76.167,76.167,0.998,"Both hands lower down from the upper shelf to the table to reach towards the pink towel, grasp it, fold it over itself into a neat rectangular stack, and place it on the table. Then both hands reach for two yellow towels and two light blue ones. They fold them all the same way and place them on the table. Then, both hands reach upwards for the green tray, lower it onto the table, and place all folded towels inside the tray. Then both hands return the tray to the upper shelf.","Both hands lower down to reach out and grasp the pink towel lying on the table, fold it over itself to form a compact rectangular stack, and place it back onto the table. || Both hands reach towards the yellow towel, grasp it, fold it over itself into a neat rectangular stack, and place it onto the table, then both hands reach for two yellow towels and two light blue ones. They fold them all the same way and place them on the table. Then, both hands reach upwards for the green tray, lower it onto the table and place all folded towels inside the tray. Then bpth hands return the tray back to the upper shelf. || Both hands lift the blue towel and fold its edges inward, the left hand folds the left side to the right, and both hands fold the bottom edge up to the top to form a rectangular stack, adjust it, and release it on the table. || The left hand grasps the folded blue towel while the right hand grasps the folded pink towel, the left hand places the blue towel onto the folded yellow towel, the right hand places the pink towel on top of the blue towel, and both hands grasp the sides of the combined towel stack. || Both hands lift the towel stack, place it into the green rectangular tray, adjust its alignment, and press down firmly on the top of the stack. || Both hands withdraw from the green rectangular tray and rest idle near the edge of the table."
019e0de6-814d-7bcf-95f1-e618c37bcf09,CG-000009,critical,0,0,0.0,26.268,26.268,2,"1,2",8.333,20.333,12.0,0.457,"The left hand holds and pulls the left top corner of the blue hand towel, while the right hand holds the other towels steady. Then both hands hold the corners of the blue towel and lift it. Then the hands place the blue towel flat on the desk, the right hand folds the right top corner, and the left hand folds the left top corner towards the center of the blue towel, then both hands slide the towel slightly upward. Then the left hand folds the right bottom corner of the blue towel towards the center, while the right hand fixes the middle of the right side of the blue towel. Then both hands rotate the blue towel to the right, and the right hand folds the remaining corner towards the center of the blue towel. Then both hands hold the blue towel from the bottom and fold it towards the top, and hit the towel with both hands to straighten the folded towel. Then both hands rotate the towel towards the left. Then both hands hold the blue towel from the bottom and fold a quarter of it towards the top three times. Then both hands grab the folded blue towel, lift it, move it to the left, and place it inside a green tray. Then both hands move to the right to the other towels.
",Both hands grasp the top corners of the light blue hand towel and fold them downward to the center to form a point. || The left hand folds the left side of the light blue hand towel inward across the center while the right hand rests on the right side of the towel.
019e0de6-814c-7eec-bad8-b5a3b368ffd5,CG-000010,high,14,14,85.933,102.417,16.484,2,"15,16",87.84,97.8,9.96,0.604,"Both hands fold the left half of the folded yellow cloth to the center and then the right side to the center to form a compact square. Then, with both hands, they fold the left half over the right half, and both hands lift the fully folded yellow cloth, carry it to the left, and place it on top of the blue middle cloth in the grey plastic bin before the hands retract to the right.","Both hands reach out and grasp a yellow cloth from the pile on the right, carry it to the center, lay it flat onto the blue mat, and fold the top and bottom edges of the yellow cloth toward the center. || Both hands fold the left and right ends of the yellow cloth inward, fold the right half over the left half to complete the small square, lift the fully folded cloth from the mat, and place it into the white container."
019e08fc-9af8-7a15-9b2b-746036b0cf50,CG-000011,critical,1,1,12.333,28.333,16.0,3,"2,3,4",14.917,28.083,13.166,0.823,"Turns left towards the open drawer while both hands stay idle, then reaches down with both hands to grasp and pick up a white flower-shaped plate then turns towards the countertop while holding the plate. The both hands place the white flower-shaped plate on the stack","Walks to the right toward the sink counter and uses both hands to place the white flower-shaped plate on top of the identical plate on the counter. || Both hands stay idle as the body turns left and walks back to the open drawer, then both hands reach in to grasp and lift a white flower-shaped plate. || Walks to the right and stops facing the sink counter, using both hands to place the white flower-shaped plate onto the stack of plates."
019e0de6-814d-7efe-972c-595f3debf493,CG-000012,critical,0,0,0.0,23.333,23.333,2,"1,2",8.0,23.0,15.0,0.643,"The left hand and right hand reach toward a green garment on the beige bed and grasp it. Both hands lift and spread the green garment flat onto the bed surface. The left hand and right hand fold the sleeves and sides of the garment inward, then fold the garment in half horizontally to form a rectangle. Both hands lift the folded green garment and set it on the left side of the bed. Both hands then move away and return to a high default position.
","Both hands smooth the light green t-shirt flat on the bed and fold the right and left sleeves inward. || Both hands grasp the bottom edge of the light green t-shirt, fold it up towards the neckline, fold it left-to-right into a compact rectangle, and place it on the left side of the bed."
019e0de6-814d-7efe-972c-595f3debf493,CG-000013,critical,4,4,44.333,66.333,22.0,3,"6,7,8",44.667,66.333,21.666,0.985,"The left hand and right hand reach toward the black garment with the small orange graphic and grasp it. Both hands lift the black garment and spread it flat on the beige bed. The left hand and right hand fold the sleeves and sides inward, then fold the garment in half horizontally twice to form a rectangle. Both hands lift the folded black garment and set it on top of the stack of garments on the left side of the bed. Both hands then move away and return to a high default position. ","The right hand grasps and lifts the crumpled black t-shirt from the bed while the left hand stays idle, and both hands hold the garment in the air and lay it flat on the bed face up. || Both hands grasp the bottom corners of the black t-shirt, fold the bottom edge up to the collar, and smooth the fabric flat on the bed. || Both hands fold the black t-shirt in half vertically from right to left and smooth the folded garment on the bed."
019e0de6-814b-74b7-a049-4642b7d746db,CG-000014,critical,1,1,19.333,42.333,23.0,2,"4,5",24.0,41.417,17.417,0.757,"Both hands move toward a grey pillow, lift it from the pink bed cover, and place it on the lap. Both hands turn the pillowcase flap outward. The right hand holds the fabric in place while the left hand slides the zipper pull toward the left across the opening. Both hands then pull the grey pillowcase flap over the white zipper. The right hand holds the pillow on the right side while the left hand holds it on the left side, lifting it from the lap and placing it back onto the pink bed cover. Both hands then move away and return to a high default position.
","The right hand adjusts its grip on the zipper pull of the gray pillowcase and pulls the zipper closed while the left hand holds the fabric. || The right hand pulls the zipper to fully close the gray pillowcase, and both hands pick it up and place it slightly to the right on the bed."
019e0de6-814b-74b7-a049-4642b7d746db,CG-000015,critical,2,2,42.333,68.333,26.0,2,"7,8",44.333,62.5,18.167,0.699,"Both hands reach toward the grey pillow on the pink bed cover, lift it, and place it on the lap.  The left hand reaches into the pillow opening and pushes the white inner fabric inward while the right hand grasps the zipper pull and slides it horizontally toward the left side of the grey pillowcase. The left hand then grasps the grey pillow by its left edge, adjusting it vertically while positioning it properly inside the pink pillowcase, as the right hand continues pulling the zipper to the end of the track. Both hands pull the grey pillowcase flap over the white zipper, then place the grey pillow onto the pink bed cover, resting against another grey pillow. Both hands moves away and returning to a high default position.","The right hand pulls the zipper along the track to close the gray pillowcase while the left hand holds the fabric steady. || The right hand finishes pulling the zipper and adjusts its grip, and both hands lift, rotate the gray pillowcase horizontally, and lay it flat on the bed."
019e0de6-814b-74b7-a049-4642b7d746db,CG-000016,critical,3,3,68.333,93.667,25.334,2,"10,11",68.667,82.667,14.0,0.553,"Both hands reach toward the grey pillowcase, lift it, and place it on the lap. The right hand grasps the zipper pull and slides it along the edge of the pillowcase, briefly releasing and re-grasping it, while the left hand smooths and holds the grey pillowcase flap in place. The right hand then pulls the zipper to the end of the track to fully close the pillowcase, after which both hands release the pillowcase on the pink bed cover, resting against another grey pillow. Both hands return to a high default position.","The right hand pinches the zipper pull of the gray pillowcase and pulls it to the left to close the opening while the left hand grips the edge of the fabric. || Both hands push the gray pillowcase against the headboard, and the right hand reaches back to pinch the zipper pull again."
019e08fc-9afe-7e8d-bca3-f67e78d1abe9,CG-000017,critical,1,1,12.0,33.333,21.333,2,"2,3",12.0,29.111,17.111,0.802,"The right hand picks up the black lid while the left hand picks up the coffee ground container. The right hand tighten the lid on the coffee container. The left hand transfer the closed coffee ground container to the right hand and the right hand place the closed coffee container on the countertop while the left hand is idle. Both hand reach for the electric kettle, the right hand grabs the electric kettle handle and pick it up while the left hand rest on the kettle lid. The right hand tilts the electric and pours water into the cup and place the kettle on its base on the countertop.","The right hand places the black spoon on the counter, grasps the black lid, and twists the black lid to close the black jar while the left hand releases the black jar. || The right hand grasps the handle of the purple kettle, lifts it, and pours water into the paper cup while the left hand stays idle."
019e08fc-9afe-7e8d-bca3-f67e78d1abe9,CG-000018,high,6,6,59.667,78.667,19.0,2,"8,9",59.833,73.666,13.833,0.728,The right hand lowers the spoon towards the faucet and hold the spoon with both hands. The right hand scrubs the spoon bowl while the left hand holds the spoon handle. Both hands rinse the spoon under running water. The left hand holds the spoon while the right hand reach towards the faucet knob and turn off the faucet. The left hand transfer the spoon to the right hand,The right hand  || The right hand wipes the counter and sink edge with the green and grey cleaning cloth while the left hand stays idle.
019e0de6-814c-7464-9824-b97a76beb68a,CG-000019,critical,0,0,0.0,14.752,14.752,2,"1,2",3.172,14.752,11.58,0.785,"Both hands reach forward, grasp, and pick up the closest yellow cloth napkin from the cluster of napkins on the bed, then place it flat on the bed with the held edge positioned farther from the body. Both hands then fold the top corners of the napkin inward to create a pointed shape and press down on the edges to smooth the creases flat. The left hand then folds the bottom right side of the napkin inward and remains idle while the right hand folds the bottom left side to form a diamond shape.",Both hands fold the top corners of the yellow cloth napkin inward to create a pointed shape and press down on the edges to smooth the creases flat. || The left hand folds the bottom right side of the napkin inward and remains idle then the right hand folds the bottom left side to form a diamond shape.
019e08fc-9afd-725c-a646-24677fb7aab1,CG-000020,critical,6,6,65.667,98.333,32.666,2,"7,8",74.166,98.333,24.167,0.74,The right hand picks up the cloth from the countertop while the left hand grabs the black cloth alongside the right hand after it was picked up. Both hands fold and wring out the black cloth. The both hands unfolds the black cloth and place the black cloth in the sink basket with the left hand while the right hand remains idle,"The right hand drops the second purple rag onto the counter pile and picks up the brownish grey rag, and both hands twist and wring it over the sink. || The right hand places the brownish grey rag onto the counter pile and grasps the greenish-grey rag, and both hands twist and wring it over the sink."
019e08fc-9afd-725c-a646-24677fb7aab1,CG-000021,critical,9,9,98.333,125.667,27.334,2,"10,11",104.667,122.584,17.917,0.655,The right hand picks up the cloth from the countertop while the left hand grabs the black cloth alongside the right hand after it was picked up. Both hands fold and wring out the black cloth. The both hands unfolds the black cloth and place the black cloth in the sink basket with the left hand while the right hand remains idle,"Both hands twist and wring the light grey rag over the sink. || The right hand drops the light grey rag onto the counter and picks up the green rag, and both hands twist and wring it over the sink."
019e08fc-9afd-725c-a646-24677fb7aab1,CG-000022,critical,15,15,151.667,192.834,41.167,2,"16,17",171.0,192.834,21.834,0.53,The left hand wipes the countertop with the cloth while the right hand remains idle. The left hand picks up the cloth while the right hand reach toward the cloth being held. The both hands fold and wring out the cloth. The both hands unfold the cloth and place the cloth in the sink basket with the left hand while the right hand is idle,"The left hand drops the second multi-colored rag into the sink and picks up the brownish grey rag from the basin, and both hands twist it repeatedly to wring out water. || The left hand drops the brownish grey rag into the sink basin and lifts the third dark grey rag from the edge of the sink, and both hands twist it tightly to wring out water."
019e08fc-9afd-7ecb-9f20-0b1db572d015,CG-000023,critical,0,0,0.0,24.0,24.0,3,"1,2,3",7.667,24.0,16.333,0.681,The right hand reach towards the cleaver while the left hand is idle. The right hand picks up the cleaver while the left hand grabs the potato on the chopping board. The right hand cuts the potato in half with the cleaver while the left hand holds the potato steady. The right hand chops the potato with the cleaver while the left hand holds the potato steady,The right hand reach towards the cleaver on the countertop while the left hand is idle. The right hand  || The right hand brings the metal cleaver down and repeatedly chops across the potato slices to create potato chunks while the left hand holds the pieces together on the wooden cutting board. || The left hand pushes the potato chunks toward the corner of the wooden cutting board to clear the workspace while the right hand rests the metal cleaver on the board.
019e08fc-9afd-7ecb-9f20-0b1db572d015,CG-000024,critical,4,4,24.0,49.0,25.0,2,"5,6",31.5,46.667,15.167,0.607,The left hand rotate and adjust the potato while the right hand chops the potato with the cleaver. The right hand lifts the cleaver while the left hand transfers the chopped potato from the cleaver blade to the chopping board and push the chopped potatoes aside on the chopping board,The left hand gathers and rotates the newly cut potato slices on the wooden cutting board while the right hand holds the metal cleaver nearby. || The right hand repeatedly chops across the stacked potato slices with the metal cleaver to create potato chunks while the left hand holds the pieces steady and reaches for a new potato piece.
019e08fc-9afd-7ecb-9f20-0b1db572d015,CG-000025,critical,7,7,49.0,84.0,35.0,3,"8,9,10",51.5,79.333,27.833,0.795,The left hand grasps the potato and holds it steady on the wooden cutting board while the right hand slices the potato with the cleaver. The left hand adjusts the white both while the right hand holds the cleaver above the cutting board,"The left hand rotates the stack of yellow potato slices on the wooden cutting board, and the right hand brings the metal cleaver down to chop the slices into small cubes. || The left hand pushes the potato chunks aside and grasps a new yellow potato piece on the wooden cutting board, and the right hand aligns and slices the piece with the metal cleaver. || The left hand rotates the sliced yellow potato piece on the wooden cutting board while the right hand holds the metal cleaver and chops the pieces into small cubes."
019e0de6-814b-721f-a4c6-ad3704f7cfc0,CG-000026,critical,0,0,0.0,36.0,36.0,3,"1,2,3",6.167,22.667,16.5,0.458,"Both hands reach toward the gray plaid pajama top on the bed and begin fastening the buttons from top to bottom, securing the collar button, middle button, and lower button in sequence. Both hands then fold the right sleeve inward, followed by the left sleeve, aligning them toward the center of the garment. The hands move to the bottom hem, with the right hand grasping the right corner and the left hand grasping the left corner, and fold the pajama top upward twice into a compact rectangle. Both hands lift and reposition the folded pajama top on the bed while the left hand folds the left side over the right side as the right hand steadies the garment. Finally, both hands lift the folded pajama top slightly and place it back onto the bed.
",Both hands move down the fabric and fasten the middle button of the gray plaid pajama top. || Both hands coordinate to secure a lower button on the gray plaid pajama top. || Both hands smooth the front of the gray plaid pajama top flat on the bed and shift their grasp to the sleeves.
019e09ed-3607-73d2-b112-5b2c4d3a8175,CG-000027,critical,0,0,0.0,82.333,82.333,8,"1,2,3,4,5,6,7,8",6.5,77.333,70.833,0.86,The left hand and the right hand  are lowered towards the wooden table and the both hands grasp the  wooden toothpicks into a bundle from the wooden table and holds it while the right hand repeatedly pinches small bunches of toothpicks from the bundle and drops them into the yellow holder base.,"The right hand pinches toothpicks from the bundle and places them into the yellow holder base and the left hand releases the bundle of wooden toothpicks onto the wooden table and scoops it back up. || The right hand repeatedly pinches small bunches of toothpicks from the bundle and drops them into the yellow holder base and the left hand drops the bundle of wooden toothpicks onto the wooden table and gathers it again. || The left hand holds the bundle of loose wooden toothpicks above the wooden table while the right hand repeatedly pinches small bunches of toothpicks from the bundle and drops them into the yellow holder base. || The right hand pinches and drops toothpicks into the yellow holder base and the left hand opens and releases the remaining bundle of wooden toothpicks onto the wooden table. || The right hand and the  left hand reaches to picks up the  toothpicks from the wooden table  and insert it into the yellow holder base. || The right hand  and the left hand gathers a bundle of loose wooden toothpicks from the wooden table and inserts them into the yellow holder base . || The right hand and the left hand reaches towards the wooden table, gathers more loose wooden toothpicks into a bundle and insert them into the yellow holder base . || The right hand and the left and moves the gathered bundle of wooden toothpicks and places them into the yellow holder base, and both hands pick up more bunches of toothpicks from the wooden table, transfer them to the base, and adjust them."
019e0de6-814c-7528-9f34-5aaef1ed76d3,CG-000028,high,8,8,69.333,88.0,18.667,2,"9,10",69.333,81.75,12.417,0.665,The left hand inserts the pink napkin into the golden brown clear glass and scrubs the inside and outside of the cup while the right hand turns the golden brown cup under the running water. ,The left hand scrubs the inside and exterior of the bulbous clear glass cup with the pink dishcloth under the running water while the right hand holds and rotates the cup. || The left hand scrubs the interior of the clear glass cup with the pink dishcloth while the right hand holds and slightly rotates the cup under the running water.
019e0de6-814b-7b08-9506-697dad15a6e8,CG-000029,critical,0,0,0.0,35.0,35.0,3,"3,4,5",17.333,34.084,16.751,0.479,Both hands reach out and grasp the collar of the floral dress shirt lying on the bed and fasten its top button. Both hands move down the floral dress shirt and fasten a button continuously. ,Both hands shift further down the floral dress shirt and fasten a button. || Both hands pinch the edges of the floral dress shirt and fasten a button. || Both hands grasp the fabric of the floral dress shirt and fasten a button.
019e0de6-814b-7b08-9506-697dad15a6e8,CG-000030,critical,1,1,35.0,58.0,23.0,3,"7,8,9",37.5,55.417,17.917,0.779,"Both hands moves towards the white clothing hanger, while the right hand lifts the white clothing hanger off the bed while the left hand is idle. The right hand inserts the white clothing hanger into the left side of the neck of the floral dress shirt while the left hand holds the collar. The left hand insert the right side of the hanger into the right side of the neck of the floral dress while the right hand holds the cloth. Both hands lift the shirt with the hanger off the bed. Both hands moves away from the bed towards the closet while carrying the floral dress shirt on the white clothing hanger.","The right hand inserts the white clothing hanger into the neck of the floral dress shirt while the left hand holds the collar, and both hands lift the shirt and hanger off the bed. || Turns away from the bed and walks across the bedroom toward the closet while both hands carry the floral dress shirt on the white clothing hanger. || Stops in front of the closed closet doors while both hands hold the floral dress shirt on the white clothing hanger."
019e0de6-814b-7b08-9506-697dad15a6e8,CG-000031,high,2,2,58.0,74.0,16.0,2,"11,12",60.667,68.417,7.75,0.484,"The hands stops in front of the closed closet doors while holding the floral dress shirt on the white clothing hanger. The right hand reaches out, grasps the handle of the closet door, and pulls the door open while the right hand holds the floral dress shirt on the white clothing hanger. The left hand joins the right hand on the white clothing hanger, and both hands lift the hanger and hook it onto the closet rod. Both adjust the fabric, and release the shirt. The right hand grasps the cabinet door handle and moves the door to the left while the left hand reaches out to grasp the edges of the open closet doors. Both hands then push the doors closed. 
","The left hand joins the right hand on the white clothing hanger, and both hands lift the hanger and hook it onto the closet rod. || Both hands grasp the sleeves of the hanging floral dress shirt, adjust the fabric, and release the shirt."
019e0de6-814c-743e-bc8f-d4188999e78d,CG-000032,medium,2,2,40.333,52.0,11.667,2,"7,8",40.333,48.333,8.0,0.686,"Both hands move away from the bed toward the wardrobe. The right hand grasps the wardrobe door handle and pulls the door open while the left hand moves to hold the edge of the wardrobe door. Both hands then release the wardrobe door. The left hand subsequently grasps the wardrobe door handle while the right hand holds the edge of the wardrobe door and moves it towards the left to open. 
","Turns away from the bed and walks towards the wardrobe carrying the hung white floral dress shirt with both hands, stopping in front of the light-wood doors. || Both hands push the wooden wardrobe doors open, and the left hand hooks the clear plastic hanger holding the white floral dress shirt onto the metal clothes rod while the right hand holds the right door open."
019e1288-2fcd-7b13-a70d-4613d2b463e3,CG-000033,high,2,2,6.08,23.68,17.6,2,"3,4",12.48,22.24,9.76,0.555,"The right hand lifts the clear glass cup from the sink basin, then the left hand inserts the sponge into the cup, scrubbing the inside, then the right hand tilts the cup to pour out its contents; this is repeated two more times, then the right hand places the cup vertically under the running water. ",The left hand scrubs the interior of the clear glass cup with the yellow round sponge while the right hand supports it under the running water. || The right hand rinses the clear glass cup under running water while the left hand holds the yellow round sponge nearby and stays idle.
019e0de6-814c-710b-a5c3-76bd79da82a2,CG-000034,critical,3,3,41.333,63.0,21.667,2,"6,7",41.667,57.75,16.083,0.742,"Both hands moves towards the left of the table. The right hand picks the black tube while the left hand picks the black tube cover off the table. The left hand places the black tube cover on the black tube, rotating it to close the tube.  Both hands move towards the right of the table with black tube in the left hand while the right hand is idle. The right hand picks a white tube off the table while both hands moves towards the clear plastic storage box. The right hand releases the white tube into the clear plastic storage box while the lefthand releases the black tube into the clear plastic storage box simultaneously. Both hands moves towards the clear plastic storage box lid and hold it by the edge. The right hand holds the right edge of the clear plastic storage box while the left hand holds the left edge of the clear plastic storage box lid and then closes the lid over the clear plastic storage box.  Both hands move away to return to a high default position.
","The left hand picks up a small black bottle from the table as the right hand twists a small black cap securely onto it, and the left hand places the closed bottle into the clear plastic storage box while the right hand rests on the table. || The left hand retreats from the clear plastic storage box to rest idle on the table as the right hand picks up a small silver tube and places it into the box, and grasps a second silver tube and places it into the box."
019e1288-2ff2-70d3-910d-2faba46b7d54,CG-000035,critical,3,3,40.0,83.0,43.0,3,"7,8,9",49.714,78.333,28.619,0.666,"The left hand pinches and slides along the white earphone cable to straighten the wire while the right hand holds the earpieces coiled part. The left hand pulls the white earphone cable through a loop on the right hand to form a coil.  The left hand passes the coiled white earphone to the left hand. The right hand picks up the tiny black rope off the table and  twists the tie around the middle of the white earphone cable coil in the left hand. The left hand passes the white earphone cable to the right hand, then the right hand places it into a white container while the left hand is idle.  The right hand slightly moves the white container towards the left side of the table while the left hand is idle. Both hand reaches towards the white container cover, the left hand picks the container cover off the table while the right hand is idle. The right hand holds the right edge of the white container cover while the left hand holds the left edge of the white container cover. Both hands moves the container cover towards the white container and places on the white container. 
","The right hand pulls and loops the remaining length of the white earphone cable around the bundle while the left hand holds the folded loops steady. || The right hand adjusts the ends of the white earphone cable and positions the earbuds and plug against the bundle while the left hand tightly holds the folded loops steady. || The right hand reaches down to pinch and pick up a small black cable tie from the white table, brings it to the bundled white earphone cable, and twists the tie around the middle of the bundle to secure it while the left hand holds the bundle steady."
019e1283-1727-727e-ba1e-9ca0e5c2f2fa,CG-000036,critical,7,7,74.667,92.333,17.666,2,"6,8",74.667,88.417,13.75,0.778,"The left hand holds the white cable as the right hand reaches to grasp a black rubber band off the white counter; the right hand holds the black rubber band as both hands turn the white cable to tie the black rubber band around it; both hands move forward and drop the white cable in the clear white container; the right hand pulls the lid over the container to cover it, then both hands move along the sides of the white container, pressing the sides of the container to close it tightly. ","The right hand pulls the long end of the white extension cord outward through the wrap, bringing the final segment with the plug entirely through the securing loop while the left hand grips the central coil. || The right hand grasps the solid plug end of the white extension cord and tucks it tightly into the center wrap, and the left hand lowers the bundled cord into the clear plastic box."
019e1288-2ff2-7631-847f-2bb26aa95caa,CG-000037,critical,0,0,0.0,23.75,23.75,3,"1,2,3",4.75,23.75,19.0,0.8,"Both hands reaches ,  grasps and lifts a white plate with an orange stain from the counter, and moves towards the sink. The left hand holds the plate over the sink while the right hand presses the red pump from a yellow  dish soap bottle. The right hand grasps a yellow sponge from the window sill, brings it to the white plate held by the left hand, scrubs the plate, and reaches to turn on the silver faucet. The left hand holds and rotates the white plate under running water from the silver faucet while the right hand scrubs the plate with the yellow sponge.","The right hand grasps a yellow sponge from the window sill, brings it to the white plate held by the left hand, scrubs the plate, and reaches to turn on the silver faucet. || The left hand holds and rotates the white plate under running water from the silver faucet while the right hand scrubs the plate with the yellow sponge. || The left hand moves the rinsed white plate away from the sink and places it into the metal dish rack while the right hand stays idle holding the yellow sponge in the sink."
019e1288-2ff2-7631-847f-2bb26aa95caa,CG-000038,critical,4,4,23.75,49.3,25.55,3,"5,6,7",27.667,47.0,19.333,0.757,"The left hand moves the rinsed white plate to the left and places it into the metal dish rack inside the sink while the right hand stays idle holding the yellow sponge  above the sink.  The left hand move towards the left alongside the right hand holding the yellow sponge and grasps and lifts a white plate with an orange stain from the counter and  lifts it towards the yellow dish soap  bottle , then the right hand holding the  yellow sponge presses the red pump onto the white plate and then scrubs it under the running water from the faucet and rinses the white plate. The left hand holds and rotates the white plate under the running water as the right hand holds and scrubs the bottom with the yellow sponge. The left hand  then places the white plate onto the metal dish rack by the left inside the sink while the right hand is idle.","the left hand move towards the left alongside the right hand holding the yellow sponge and grasps and lifts a white plate with an orange stain from the counter and  lifts it towards the yellow dish soap  bottle , then the right hand holding the sponge presses the red pump ||  || "
019e1288-2ff2-7631-847f-2bb26aa95caa,CG-000039,critical,8,8,49.3,69.3,20.0,2,"9,14",55.0,64.333,9.333,0.467,"Both hands reaches ,  grasps and lifts a white plate with an orange stain from the counter, and moves towards the sink. The left hand holds the plate over the sink while the right hand presses the red pump from a yellow  dish soap bottle and then moves the white plate under running  water from the faucet. The right hand scrubs in circular motion while the left hand holds the plate then both hands flips the white plate and the right hand holding the yellow sponge scrubs the bottom and rinses it. The left hand  then places the white plate onto the metal dish rack by the left inside the sink while the right hand is idle.", and  then moves the white plate under the running water while the right hand  scrubs it with the yellow sponge. The left hand rotates the white plate under the running tap water while the right hand scrubs the surface with the yellow sponge. || 
019e1288-2ff2-71bd-a4f7-42d77748e7fc,CG-000040,critical,2,2,46.667,79.0,32.333,3,"7,8,9",53.666,73.583,19.917,0.616,"The left hand reaches for a blue rectangular block on the desk, grasps it, lifts it, and places it vertically on the desk surface. Both hands reaches for a blue rectangular block on the desk and picks up. The left hand places it on a blue rectangular block on the desk while the right hand remans idle. The left hand reaches for a blue rectangular block on the desk, grasps it, lifts it, and places it vertically on stack of blue rectangular block on the desk. The left hand again reaches for a blue rectangular block on the desk, grasps it, lifts it, and places it vertically on stack of blue rectangular block on the desk.   Both hands moves away and returns to  a high default position.","The right hand grasps, places, and adjusts a red rectangular block onto the right stack, and the left hand grasps and places a blue rectangular block onto the left stack. || The left hand adjusts the top blue block on the stack and places a light brown rectangular block onto the left stack, and the right hand grasps and places a blue rectangular block onto the right stack. || The right hand grasps and places two red rectangular blocks onto the right stack, and the left hand grasps and places a blue rectangular block onto the left stack."
019e1288-2ff2-71bd-a4f7-42d77748e7fc,CG-000041,critical,3,3,79.0,97.0,18.0,2,"11,12",79.333,92.95,13.617,0.757,"The left hand reached towards the brown block, picks it up and places it on the desk while the left hand is idle. Both hands moves the brown block closer to the stack of blue, yellow and red block on the desk. The left hand reached towards the brown block, picks it up and places it on the brown block on the desk with both hands. Both hands reaches towards the cylindrical block on the desk. The left hand picks it up while the right hand remains idle.  Both hand places it on the stack of brown blocks on the table. ","The right hand grasps and places a yellow rectangular block and a red rectangular block onto the right tower, and the left hand grasps and places a yellow rectangular block and a red arch block onto the left tower. || The right hand touches and adjusts a red block on the structure and grasps and places a yellow rectangular block and a green rectangular block onto the right tower, and the left hand grasps and places a blue arch block onto the left tower."
019e1288-2ff1-7e55-850b-f3fbe136e1e7,CG-000042,critical,0,0,0.0,27.757,27.757,3,"1,2,3",6.08,26.186,20.106,0.724,"Both hands grasp a green microfiber napkin from the pile, lift it to unfold it in the air, and lay it flat on the floral-patterned table. Both hands fold the napkin continuously till it forms a small rectangular shape. Both hands lift the folded napkin and place it on the top side of the table and withdraw.","The left hand folds the left side of the green microfiber napkin towards the center, the right hand folds the right side over it, and both hands fold the bottom edge upwards and the top edge downwards over it. || The left hand grasps the folded green microfiber napkin, moves it aside on the table, and releases it while both hands reach towards the pile, lift a pink microfiber napkin, and lay it flat on the table. || The left hand folds the left side of the pink microfiber napkin towards the center, the right hand folds the right side over it, and both hands fold the bottom and top edges inwards."
019e1288-2ff1-7e55-850b-f3fbe136e1e7,CG-000043,critical,5,5,27.757,60.885,33.128,2,"6,7",41.333,54.667,13.334,0.402,"Both hands grasp a pink microfiber napkin from the pile, lift it to unfold it in the air, and lay it flat on the floral-patterned table. Both hands fold the napkin continuously till it forms a small rectangular shape. Both hands lift the folded napkin and place it on the top side of the table beside the folded green napkin and withdraw.","Both hands fold the sides of the pink cloth napkin inwards, the right hand folds the right half over the left half, and both hands place the folded napkin aside while unrolling and spreading a green cloth napkin flat. || Both hands fold the bottom edge of the green cloth napkin upwards, smooth it, fold the left and right sides inwards, and the right hand folds the right side over the left side to complete the fold."
019e1288-2ff1-7e55-850b-f3fbe136e1e7,CG-000044,critical,9,9,60.885,97.83,36.945,2,"10,11",74.333,90.0,15.667,0.424,"Both hands grasp a green microfiber napkin from the pile, lift it to unfold it in the air, and lay it flat on the floral-patterned table. Both hands fold the napkin continuously till it forms a small rectangular shape. Both hands lift the folded napkin and place it on the top side of the table beside the folded pink napkin and withdraw.","Both hands fold the right and left sides of the yellow napkin inwards, the right hand folds the right side over the left side, and both hands reach into the pile to pull a light pink napkin out and spread it flat on the table. || Both hands fold the bottom edge of the light pink napkin upwards to the center, bring the left and right sides towards the center, and the left hand folds the left half over to the right side."
019e1288-2ff1-7e55-850b-f3fbe136e1e7,CG-000045,critical,12,12,97.83,126.06,28.23,2,"13,14",103.667,126.0,22.333,0.791,"Both hands grasp a yellow microfiber napkin from the pile, lift it to unfold it in the air, and lay it flat on the floral-patterned table. Both hands fold the napkin continuously till it forms a small rectangular shape. Both hands lift the folded napkin and place it on the top side of the table on top of both the folded green napkin and the folded pink napkin and withdraw.","Both hands bring the side edges of the pink napkin to the center, the left hand folds the left half over, the right hand places the folded napkin on the stack, and both hands pull a bright yellow napkin, lay it flat, and fold its left, right, and bottom edges. || Both hands press and smooth the folded yellow napkin, fold the bottom edge up again, the right hand places it on the stack, and both hands reach for an unfolded yellow napkin and spread it flat."
019e1288-2ff0-7918-b7b2-91be1e4b5580,CG-000046,critical,11,11,0.0,12.25,12.25,2,"0,1",0.0,12.25,12.25,1.0,"Both hands reach towards the nested stack of bowls on the kitchen counter, grasp the large white bowl, and lift it and the nested small white bowl off the patterned bowl. Then place them on the counter, to the left of the patterned bowl, and release it. Both hands grasp the small white bowl and lift it from inside the large bowl and place it on the counter to the right of the patterned bowl, and both hands withdraw.","Both hands reach towards the nested stack of bowls on the kitchen counter, grasp the large white bowl, and lift it and the nested small white bowl off the patterned bowl. || The right hand reaches into the large white bowl, lifts the small white bowl out, and places it onto the right side of the counter while the left hand holds the large white bowl and places it onto the left side of the counter, and both hands rest idle."
019e1288-2ff1-7c96-b35b-15749f52b04f,CG-000047,critical,0,0,0.0,31.0,31.0,4,"1,2,3,4",5.083,25.417,20.334,0.656,"The right hand reaches for, grasps and adjusts the position of the pink plastic storage box on the floor mat and then releases it while the left hand remains idle. Then moves backwards,  and reaches into the pile of colorful plastic toys  and gathers with both hands. Both hands lift the gathered colorful plastic toys and drop them into the pink plastic storage box. The right hand reaches for a spilled pink toy and places it into the pink plastic storage box. The right hand repeatedly grasps, moves and drops colorful plastic toys into the pink plastic storage box while the left hand remains idle. The right hand adjusts the pink plastic storage box on the floor mat and continues moving and dropping multiple colorful plastic toys.","Both hands lift the gathered colorful plastic toys and drop them back onto the floor mat, scoop another handful from the pile, carry them over, and release them into the pink plastic storage box. || Both hands scoop a handful of colorful plastic toys from the floor mat, carry them over to the pink plastic storage box, and drop them inside. || Both hands grasp handfuls of colorful plastic toys from the floor mat and release them into the pink plastic storage box in successive scooping and dropping motions. || Both hands scoop more handfuls of colorful plastic toys from the pile on the floor mat and carry them to drop into the pink plastic storage box."
019e09ed-3606-7c77-808c-c126a2b156ba,CG-000048,critical,0,0,0.0,22.798,22.798,2,"1,2",7.333,17.333,10.0,0.439,"Both hands reach out, grab, and lift the pillow from the right bottom side of the bed and place it on their lap. The left hand holds the top left edge of the pillow, and the right hand grasps the zipper and pulls it to the right. Then the left hand holds the zipper while the right hand adjusts the inside of the pillow by pushing, and then the right hand holds the zipper and moves it to the right while the left hand holds the closed part of the pillow steady. Then the left hand moves to the right and holds the zipper while the right hand adjusts the inside of the pillow by pushing, and then the right hand holds the zipper and moves it to the right while the left hand holds the closed part of the pillow steady. Then the left hand moves to the right and holds the zipper while the right hand moves to the right to adjust the inside of the pillow by pushing, then the right hand moves to the right and repeats adjusting, and then moves to the right one more time to adjust the insides of the pillow. Then the right hand moves to the left and the right to adjust the insides of the pillow, then moves to the left and grabs the zipper. Then the right hand moves the zipper to the right while the left hand holds the closed part of the pillow steady, then the left hand moves to the right and holds the left side of the zipper steady. Then the right hand adjusts the inside of the pillow by pushing it. Then the right hand holds the zipper and moves it to the right and closes the zipper completely while the left hand holds the pillow steady. Then both hands move to the left, grab, lift, and place the pillow on the right bottom side of the bed.
","The hands move to the right grey pillowcase, where the left hand pinches the base of the zipper and the right hand grasps the zipper pull and pulls it to close the pillowcase, and both hands release. || The hands return to the left grey pillowcase, and the left hand pinches the base of the zipper while the right hand grasps the zipper pull and pulls the zipper to the right."
019e1288-2ff0-7016-9790-ea7c23e71e06,CG-000049,critical,8,8,50.75,64.667,13.917,2,"9,10",52.083,64.667,12.584,0.904,The left hand grasps the small clear oil bottle while the right hand pick up a small black cap to cover and twists it to tighten and then to moves it to the back of the counter beside the previous bottle. ,"The right hand grasps the red lid, places it onto the small round jar, and twists it to tighten while the left hand holds the jar steady. || The right hand grasps the small round jar, moves it backward on the counter, and releases it while the left hand stays idle."
019e1288-2fed-77d3-90d3-31356d040e7a,CG-000050,critical,6,6,61.333,88.333,27.0,2,"7,8",66.75,80.454,13.704,0.508,Both hands gripping the cloth edges fold the cloth then pick up the folded cloth and place it on the right side of the shelf. Both hands reach towards the socket wrench and metal bolts on the left side of the shelf. The left hand picks up the socket wrench and metal bolts then move them towards the middle of the shelf and place them on the shelf with both hands.,"The left hand picks up the thick metal bolt, rubs it against the grey cloth held flat by the right hand, and places it down, and the left hand picks up a long metal bolt and rubs it against the cloth. || The left hand reaches for and picks up a small silver socket bit, and the right hand vigorously scrubs the bit with the grey cloth."
019e1288-2fed-77a3-a992-83618bbfa85c,CG-000051,critical,0,0,0.0,25.667,25.667,2,"1,2",7.167,23.333,16.166,0.63,The both hands reach towards the pillow. The left hand grabs the pillow while the right hand grabs the pillow case. The right hand separate the pillow case from the pillow while the left hand holds the pillow. The right hand place the pillow case on the bed while the left hand holds  the pillow. The right hand reach toward and pick up a pillow case while the left hand moves the pillow in between the lap. The both hands adjust and fold the pillow case,"Both hands grasp the open edges of the dark grey pillowcase and pull it down over the white pillow. || Both hands lift the dark grey pillowcase and shake it vertically to settle the white pillow inside, and lower it to rest on the bed."
019e1288-2fed-77a3-a992-83618bbfa85c,CG-000052,critical,3,3,25.667,62.0,36.333,3,"4,5,6",29.833,61.833,32.0,0.881,The both hands encase the pillow in the pillow case,"Both hands pull the opening of the dark grey pillowcase to cover the end of the white pillow, and the right hand reaches inside to adjust the white pillow while the left hand holds the pillowcase open. || Both hands grasp the opening of the dark grey pillowcase and pull it further down over the white pillow, adjusting their grips to advance the fabric. || Both hands stretch the opening of the dark grey pillowcase wide to expose the inner envelope flap, and the right hand pushes the edge of the white pillow deep into the flap while the left hand secures the opening."
019e1288-2fed-77a3-a992-83618bbfa85c,CG-000053,critical,7,7,62.0,84.833,22.833,2,"8,9",71.333,84.833,13.5,0.591,Both hands rotate the pillow. Both hands adjust and smoothen the pillow case then reposition the encased pillow. Both hands reach towards the pillow case. The left hand picks up the pillow case and place the pillow case on the table with the right hand while the left hand is idle,"Both hands hold the opening of the dark grey pillowcase to adjust the fabric, and press and smooth the surface of the encased pillow flat on the bed.  || The right hand grasps the encased dark grey pillow resting on the bed, lifts it, and carries it away while the left hand stays idle."
019e1288-2ff0-7041-84d0-aae2ea663685,CG-000054,critical,0,0,0.0,107.233,107.233,11,"1,2,3,4,5,6,7,8,9,10,11",4.667,107.233,102.566,0.956,"Both hands reach into the closet, the left hand grasp the hanger from the metal closet rod,while the right hand remains idle,the righ hand holds the right side of the hanger ,both hands carry it as the body turns and walks to the bed,both hands insert the hanger into the collar of the white dress shirt with red roses on the bed, adjust the shoulders over the hanger ends,both hands adjust inner back and inner front ,both grasps the buttonhole side,adjust it ,right hand hold the buttonhole side ,left hand grasps button side,  push a  button through the  buttonhole on the white dress shirt with red roses,both hands move further up the front of the white dress shirt with red roses repeatedly to collar button,adjust the buttonhole ,the right hand hold buttonhole side,the left hand grasps button side, push a button through its corresponding buttonhole.The left hand pulls up white dress shirt while right hand aligns and adjust the  white dress shirt whith the red roses , both  hands grasps the right sleeve,adjust the sleeve buttonhole and the right hand push a button through,both hands move to the cuff button area,left hand grasps buttonhole while right hand grasps a button,right hand push through buttonboth hands aligns the right sleeve,both hands move to the left sleeve,grasps,adjust it,left hand grasps button while left hand grasps buttonhole,left hand pushes button through buttonhole,right hand grasps the buttonhole of the cuff area while left hand grasps button,left hand pushes button through buttonhole,both hands align the left sleeve,both hands adjust the white dress shirt with red roses,adjust the collar on the hanger,right hand adjust the right shoulder while left had holds the hunger,right hand hold the hanger while left hand adjust the left shoulder and sleeve,both hands place the hook onto the metal closet rod and release the white dress shirt with red roses.","Both hands insert the hanger into the collar of the white dress shirt with red roses on the bed, adjust the shoulders over the hanger ends. || Both hands adjust inner front and work together down the front placket ,right hand hold the buttonhole ,left hand grasps button side,  push a  button through the  buttonhole on the white dress shirt with red roses. || Both hands move further up the front of the white dress shirt with red roses,adjust the buttonhole ,the right hand hold buttonhole side,the left hand grasps button side, push a button through its corresponding buttonhole. || Both hands fasten buttons on the white dress shirt with red roses by aligning a button and pulling it through the fabric opening and securing another button near the bottom. || The left hand holds open a buttonhole on the white dress shirt with red roses while the right hand pushes a button through it and both hands secure another button further down. || The left hand secures the buttonhole side of the white dress shirt with red roses and the right hand passes a button through it and both hands move down to fasten another button. || The left hand pulls up white dress shirt while right hand aligns and adjust the  white dress shirt while the , both  hands grasps the right sleeve,adjust the sleeve buttonhole and the right hand push a button through,both hands move to the cuff button area,left hand grasps buttonhole while right hand grasps a button,right hand push through buttonboth hands aligns the right sleeve,both hands move to the left sleeve,grasps,adjust it,left hand grasps button while left hand grasps buttonhole,left hand pushes button through buttonhole,right hand grasps the buttonhole of the cuff area while left hand grasps button,left hand pushes button through buttonhole,both hands align the left sleeve,both hands adjust the white dress shirt with red roses,adjust the collar on the hanger,right hand adjust the right shoulder while left had holds the hunger,right hand hold the hanger while left hand adjust the left shoulder and sleeve,both hands place the hook onto the metal closet rod and release the white dress shirt with red roses. || Both hands work on the lower half of the white dress shirt with red roses lying on the bed to push a button through a hole and secure another button located further down. || Both hands push a button through a buttonhole near the bottom of the white dress shirt with red roses and secure the final button at the very bottom edge. || Both hands grasp the wooden hanger and the collar to lift the white dress shirt with red roses off the bed, the body turns away, the right hand releases the garment, and the left hand carries it toward the open closet while the right hand stays idle. || The right hand reaches up to grasp the hook of the wooden hanger alongside the left hand and both hands place the hook onto the metal closet rod and release the white dress shirt with red roses."
019e1288-2fed-7f65-acbf-dda41a994bef,CG-000055,critical,5,5,49.333,75.993,26.66,2,"6,7",62.0,75.933,13.933,0.523,Both hands rotate the pillow and encase the pillow in the pillow case. Both hands adjust and smoothen the pillow case. The right hand reach towards the pillow case and move it to the table while the left hand is idle,"Both hands grasp the fully enclosed white pillow and gently shake the dark grey pillowcase to smooth and adjust the fit. || Both hands rotate the dark grey pillowcase and place the covered white pillow flat onto the bed, and both hands reach out to grasp and lift a piece of bunched-up dark grey clothing from the bed. The right hand "
019e1288-2fed-7dff-b2c9-cedc5749bb39,CG-000056,critical,0,0,0.0,36.0,36.0,3,"1,2,3",7.0,30.166,23.166,0.643,The right  hand reach toward and pick up the black cable resting on the white console and both hands pulls lengths of the cable then the right hand folds them into loops while the left hand holds the cable steady. The right hand reach towards and pick up the black Velcro cable tie then attach it to the cable loop. The right hand wraps the Velcro cable around the looped cable while the left hand holds the looped cable steady. The left hand transfers the looped cable to the right hand and place it on the white console,The right hand pulls lengths of the black earphone cable and folds them into loops while the left hand grasps and secures the growing bundle. || The right hand gathers and loops the remaining sections of the black earphone cable while the left hand grips the folded bundle. || The left hand holds the bundled black earphone cable while the right hand pinches the attached black velcro strap and wraps it tightly around the bundle.
019e1288-2fed-7dff-b2c9-cedc5749bb39,CG-000057,critical,5,5,36.0,64.067,28.067,3,"6,7,8",42.333,64.067,21.734,0.774,The right  hand reach toward and pick up the black cable resting on the white console and both hands pulls lengths of the cable then the right hand folds them into loops while the left hand holds the cable steady. The right hand reach towards and pick up the black Velcro cable tie then attach it to the cable loop. The right hand wraps the Velcro cable around the looped cable while the left hand holds the looped cable steady. The left hand transfers the looped cable to the right hand and place it on the white console,The right hand gathers the remaining length of the long black cable into loops and transfers them to the left hand which holds the growing bundle. || The left hand firmly holds the gathered long black cable bundle while the right hand pulls the attached black velcro strap and wraps it tightly around the center of the loops. || The right hand presses the black velcro strap to ensure it is fastened tightly around the long black cable bundle while the left hand supports the bundle over the white console.
019e1288-2ff0-7da9-be0c-bc9d88328ead,CG-000058,critical,0,0,0.0,38.667,38.667,6,"1,2,3,4,5,6",4.667,38.667,34.0,0.879,"Both hands grasp yellow napkin from the white table,spread it on the white table and adjust edges,fold the yellow napkin into triangular shape,the right hand grasps and fold the bottom right edge while left hand rests on yellow napkin,the left hand grasps and fold  the bottom left edge while right hand rests on the folded right edge,both hands rotates the the folded edges to the left side,both hands fold the buttom edge into rolls,right hand holds the folded roll  while the left hand  roll the top folded edge,both hands fold the rolls together,adjust the folded rolls,hold the yellow napkin up,flip it over on the white table and roll the rolled side upwards halfway,rotate the yellow napkin on the white table and  hold up the yellow napkin while the edge  slightly touching the white table,the right hand adjusts the right rolled side while left hand holds the yellow napkin,the left hand side adjusts the left rolled side while the right hand holds the yellow napkin,both hand hold the yellow napkin in a heart shape and place it on the pale yellow dish.","Both hands grasp the bottom edge of the yellow napkin and fold it upwards in small increments on the white table. || Both hands grasp the folded edge of the yellow napkin and fold it upwards toward the top edge on the white table. || Both hands grasp the folded edge of the yellow napkin and turn it upwards to create another fold on the white table. || Both hands grasp the rolled yellow napkin and fold it over towards the top edge on the white table. || Both hands grasp the folded yellow napkin, flip it over, and place it flat on the white table. || The right hand rolls the folded yellow napkin from the right edge towards the center while the left hand holds the left side."
019e1288-2ff0-7da9-be0c-bc9d88328ead,CG-000059,critical,7,7,38.667,76.0,37.333,2,"8,9",43.667,65.5,21.833,0.585,"The right hand grasps yellow napkin from the white table while left hand reaches the napkin,the right hand drops the yellow napkin while left hand grasps yellow napkin,the right hand holds yellow napkin while the left hand push back yellow napkin on the white table , both hands  spread it on the white table and adjust edges,fold the yellow napkin into triangular shape,the right hand grasps and fold the bottom right edge while left hand rests on yellow napkin,the left hand grasps and fold  the bottom left edge while right hand rests on the folded right edge,both hands rotates the the folded edges to the left side,both hands fold the buttom edge into rolls,right hand holds the folded roll  while the left hand  roll the top folded edge,both hands fold the rolls together,adjust the folded rolls,hold the yellow napkin up,flip it over on the white table and roll the rolled side upwards halfway,rotates the yellow napkin on the white table and  hold up the yellow napkin while the edge  slightly touching the white table  ,the right hand adjusts the right rolled side while left hand holds the yellow napkin  ,the left hand side adjusts the left rolled side while the right hand holds the yellow napkin,both hand hold the yellow napkin in a heart shape and place it on the pale yellow dish.",The right hand pulls two folded corners out from underneath the yellow napkin while the left hand presses the center of the napkin steady on the white table. || The right hand repeatedly pulls out folded corners from the yellow napkin to shape the petals while the left hand holds the center steady on the white table.
019e1288-2ff0-7da9-be0c-bc9d88328ead,CG-000060,critical,11,11,76.0,117.333,41.333,3,"12,13,14",84.417,116.0,31.583,0.764,"Both hands slide yellow napkin on the white table,spread it on the white table,fold the yellow napkin into triangular shape,the right hand grasps and fold the bottom right edge while left hand rests on yellow napkin,the left hand grasps and fold  the bottom left edge while right hand rests on the folded right edge,both hands rotates the the folded edges to the left side,both hands fold the buttom edge into rolls,right hand holds the folded roll  and rotates the napkin  to the right while the left hand remains idle, the left hand roll the bottom folded edge with the help of right hand thumb,both hands fold the rolls together,adjust the folded rolls,hold the yellow napkin up,flip it over on the white table and roll the rolled side upwards halfway,rotate the yellow napkin on the white table and  hold up the yellow napkin while the edge  slightly touching the white table,the right hand adjusts the right rolled side while left hand holds the yellow napkin,the left hand side adjusts the left rolled side while the right hand holds the yellow napkin,both hand hold the yellow napkin in a heart shape and place it on the pale yellow dish.","Both hands flip the folded yellow napkin over onto the white table, and the right hand folds the four corners into the center. || The right hand pulls flaps out from underneath the yellow napkin to form petals while the left hand holds the center steady. || The right hand pulls corners outwards from the center of the yellow napkin to form petals while the left hand presses down firmly on the center."
019e1288-2ff0-7da9-be0c-bc9d88328ead,CG-000061,critical,15,15,117.333,158.667,41.334,3,"16,17,18",123.083,153.333,30.25,0.732,"Both hands slide yellow napkin on the white table,spread it on the white table,fold the yellow napkin into triangular shape,the right hand fold the bottom right edge while left hand rests on yellow napkin,the left hand grasps and fold  the bottom left edge while right hand rests on the folded right edge,both hands rotates the the folded edges to the left side,both hands fold the buttom edge into rolls,right hand holds the folded roll  and rotates the napkin  to the right while the left hand remains idle, the left hand roll the bottom folded edge with the help of right hand thumb,both hands fold the rolls together,adjust the folded rolls,hold the yellow napkin up,flip it over on the white table and roll the rolled side upwards halfway,rotate the yellow napkin on the white table and  hold up the yellow napkin while the edge  slightly touching the white table,the right hand adjusts the right rolled side while left hand holds the yellow napkin,the left hand side adjusts the left rolled side while the right hand holds the yellow napkin,both hand hold the yellow napkin in a heart shape and place it on the pale yellow dish.","The left hand grasps the yellow napkin from the plate, the right hand joins to unfold it flat on the white table, and the right hand folds a corner into the center while the left hand holds the adjacent edge. || Both hands fold the remaining corners of the yellow napkin into the center to form a square, grasp the folded napkin, and flip it over onto the white table. || Both hands fold the four corners of the yellow napkin into the center, and the right hand pulls folded sections out from underneath while the left hand presses down on the center."
019e1288-2ff0-7da9-be0c-bc9d88328ead,CG-000062,critical,20,20,158.667,199.567,40.9,3,"21,22,23",167.333,199.567,32.234,0.788,"The left hand slide the yellow napkin on the white table,while the right hand reaches for the yellow napkin, both  hands spread it on the white table,fold the yellow napkin into triangular shape,adjust the edges, the right hand fold the bottom right edge while left hand rests on yellow napkin,the left hand grasps and fold  the bottom left edge while right hand rests on the folded right edge,both hands rotates the the folded edges to the left side,both hands fold the buttom edge into rolls,right hand holds the folded roll  and rotates the napkin  to the right while the left hand remains idle, the left hand roll the bottom folded edge with the help of right hand thumb,both hands fold the rolls together,adjust the folded rolls,hold the yellow napkin up,flip it over on the white table and roll the rolled side upwards halfway,rotate the yellow napkin on the white table and  hold up the yellow napkin while the edge  slightly touching the white table,the right hand adjusts the right rolled side while left hand holds the yellow napkin,the left hand side adjusts the left rolled side while the right hand holds the yellow napkin,both hand hold the yellow napkin in a heart shape and place it on the pale yellow dish.","The right hand folds the four corners of the flat yellow napkin into the center to create a smaller square, and repeats the process with the new corners. || The right hand pulls a side flap of the yellow napkin outward, and both hands press the folded shape flat onto the white table. || Both hands reach into the center of the folded yellow napkin, extract inner flaps outward to the sides, and press them flat on the white table to shape the petals."
019e1288-2fed-71bd-a5e3-9debfd8b9673,CG-000063,high,0,0,0.0,16.75,16.75,2,"1,2",6.75,16.083,9.333,0.557,"Both hands grasps and lifts a small clear container from the counter and places it on the cabinet, picks a cover with red edges and flips it over with both hands to cover the clear container. ","The right hand grasps a small clear container and places it into the large clear container, and places a small red-rimmed lid onto the nested stack held by the left hand. || The right hand removes the small red-rimmed lid, flips it over to place it upside down, and removes it again while the left hand supports the stack."
019e1288-2ff1-71ab-abd2-ee90eb7717da,CG-000064,critical,4,4,33.333,75.333,42.0,3,"5,6,7",44.0,73.417,29.417,0.7,"Both hands grasp a brown and black patterned scarf from the bed, lift and fold it in the air,spead it on bed ,right hand adjusts the brown and black patterned scarf while the left hand rest on it,both hands adjust and fold the brown and black patterned scarf,adjust and fold it,carry it, and lower it down into the pale yellow plastic storage box  and press it down firmly","Both hands reach out and grasp a brown and black patterned scarf from the bed, lift and fold it suspended in the air, and carry and deposit it down into the yellow plastic storage box. || Both hands grasp a brown and black patterned scarf from the bed, fold it flat against the bed surface, push down to flatten it, fold it again, and press it flat on the bed. || Both hands lift the folded brown and black patterned scarf, carry it to the yellow plastic storage box, place it inside, and retract from the box area."
019e1288-2ff1-71ab-abd2-ee90eb7717da,CG-000065,critical,8,8,75.333,128.333,53.0,6,"9,10,11,12,13,14",76.834,128.333,51.499,0.972,"Both hands lift a white and black plaid scarf from the bed and fold it suspended in the air,spread and adjust it on the bed,fold it,the left hand push the pale yellow container to the left while the right hand rests on the  white and black plaid scarf,both hands fold it,carry it and lower it down into the pale yellow plastic storage box  and press it down firmly,the left rests on the folded scarf in the pale yellow plastic storage box while the right hand grasps the brown lid from the bed,the right hand closes the pale yellow container while the left hand adjusts the left edge of the brown lid,the left hand presses on the brown lid while the right hand adjusts the right edge of the brown lid.","Both hands carry a folded pink fuzzy scarf downwards and place it into the yellow plastic storage box. || The left hand reaches to grasp a brown and black patterned scarf from the bed, the right hand joins, and both hands hold it in the air and fold it in half twice. || Both hands adjust their grip on the folded brown and black patterned scarf, fold it in half again, hold it steady, and lower it into the yellow plastic storage box. || Both hands reach and grasp a white and grey plaid scarf from the bed and lift it. || Both hands hold a pink fuzzy scarf above a clear plastic storage box, pull it back to hover over the bed, and fold it over itself multiple times in the air. || Both hands hold the folded pink fuzzy scarf over the clear plastic storage box, pull it apart to unfold it, fold it in half twice, and drop it into the clear plastic storage box."
019e1288-2fee-7313-91a5-13cfc595fac6,CG-000066,critical,1,1,11.042,35.7,24.658,2,"2,3",12.75,35.417,22.667,0.919,"Both hands lift one white charger each above the nightstand and move them to an open white closet , where they lower and place the chargers next to another white charger before releasing their grips off the chargers and moving right.","Turns away from the nightstand, walks across the bedroom toward the open closet, and stops to face the closet while both hands hold the white chargers. || The left hand passes the left white charger over the clothes rail, the right hand passes the right white charger over the clothes rail, and both hands lower the white chargers onto the top shelf and release them."
019e173a-9c1d-7683-933e-1d0ea7ccfb56,CG-000067,high,0,0,0.0,18.88,18.88,2,"1,2",5.964,15.333,9.369,0.496,"Both hands hold the top edges of the white floral shirt resting on the floral mattress, adjust their grip, and lift the fabric slightly. The both hands adjust the shirt and lay it on the floral mattress. Both hands button the floral shirt.","Both hands hold the top edges of the white floral dress shirt and pull the fabric apart to straighten the front opening. || Both hands move down to the middle section of the white floral dress shirt, align the top button with its corresponding buttonhole, and push it through."
019e173a-9c1d-7683-933e-1d0ea7ccfb56,CG-000068,critical,10,10,57.92,96.92,39.0,5,"11,12,13,14,15",62.75,96.92,34.17,0.876,Both hands reach towards and pick up the hanged floral shirt on the floral mattress. The both hand holds the hanged shirt and moves towards the wardrobe.  The right hand hangs the cloth in the wardrobe while the left hand is idle. The both hands reach towards the wardrobe door then the right hand grabs the wardrobe door handle and both hands close the wardrobe doors. The both hands reach towards the wardrobe door then the left hand grabs the wardrobe door handle and both hands close the wardrobe doors,"The left hand grasps the collar of the white floral dress shirt while the right hand grasps the hook of the grey clothes hanger already inside it, and both hands lift and fully insert the hanger into the shoulders. || The right hand grasps the hook of the grey clothes hanger holding the white floral dress shirt, and the body walks toward the wardrobe while the left hand remains idle. || The left hand releases the white floral dress shirt, and the right hand places the grey clothes hanger onto the wardrobe rod and withdraws while the left hand reaches for the left wardrobe door handle. || The left hand pulls the left wardrobe door closed, and the right hand reaches across to grasp the right wardrobe door handle and pulls it closed. || Both hands raise in front of the closed wardrobe doors, form a thumbs-up gesture, and remain idle."
019e1288-2ff2-7cc1-b01d-ed29f71f93b9,CG-000069,critical,0,0,0.0,27.933,27.933,4,"1,2,3,4",5.44,25.666,20.226,0.724,"Both hands reach for and pick up a yellow napkin from the pile of colorful napkins, pull it open, and spread it flat on the table. Both hands fold the napkin continuously till it forms a small rectangular shape. Both hands lift the folded napkin and place it on the right side of the table and withdraw.","Both hands fold the bottom edge of the yellow napkin upwards twice to meet in the middle on the table. || Both hands fold the right edge of the yellow napkin to the left twice to complete the fold, and the right hand rests on the folded napkin. || Both hands grasp a green napkin from the pile of colorful napkins, pull it open, and spread it flat on the table. || Both hands grasp the bottom edge of the green napkin and fold it upwards twice on the table."
019e1288-2ff2-7cc1-b01d-ed29f71f93b9,CG-000070,critical,6,6,27.933,59.567,31.634,5,"7,8,9,10,11",34.0,57.6,23.6,0.746,"Both hands reach to the left and pick up a pink napkin from the pile of colorful napkins, pull it open, and spread it flat on the table. Both hands fold the napkin continuously till it forms a small rectangular shape. Both hands lift the folded napkin and place it on the right side of the table beside the folded yellow napkin and withdraw.","Both hands grasp the bottom edge of the pink napkin and fold it upwards twice to meet in the middle on the table. || The right hand lifts the folded pink napkin and places it onto the stack of folded napkins on the table while the left hand rests idle. || The right hand grasps a pink napkin from the table, lifts it, and lays it flat on the table while the left hand rests idle. || Both hands grasp the side edges of the pink napkin and fold them inwards toward the center on the table. || Both hands fold the bottom edge of the pink napkin upwards, and the right hand carries the folded napkin to the stack of folded napkins while the left hand rests idle."
019e1288-2ff2-7cc1-b01d-ed29f71f93b9,CG-000071,critical,13,13,59.567,91.533,31.966,6,"14,15,16,17,18,19",65.5,91.166,25.666,0.803,"Both hands reach to the left and pick up a yellow napkin from the pile of colorful napkins, pull it open, and spread it flat on the table. Both hands fold the napkin continuously till it forms a small rectangular shape. Both hands lift the folded napkin and place it on the right side of the table beside the folded pink napkin and withdraw.","The right hand folds the bottom edge of the green napkin upwards again, carries it, and places it onto the stack of folded napkins while the left hand rests idle. || The right hand reaches out, grasps a green napkin from the pile, lifts it, and lays it flat on the table while the left hand remains idle. || Both hands grasp the side edges of the green napkin and fold them inwards to the center on the table. || Both hands fold the green napkin in half, lift the folded napkin, and place it onto the stack of folded napkins on the table. || Both hands reach toward the pile of unfolded napkins, grasp a green napkin, lift it to the center of the table, and lay it flat. || Both hands smooth the green napkin flat on the table and fold its top half down to the bottom edge."
019e1288-2ff2-7cc1-b01d-ed29f71f93b9,CG-000072,critical,20,20,91.533,122.767,31.234,6,"21,22,23,24,25,26",96.05,122.083,26.033,0.833,"Both hands reach to the left and pick up a green napkin from the table, pull it open, and spread it flat on the table. Both hands fold the napkin continuously till it forms a small rectangular shape. Both hands lift the folded napkin and place it on the right side of the table on top of the folded yellow napkin and the folded pink one and withdraw.","Both hands reach toward the pile of unfolded napkins, grasp a green napkin, move it to the center of the table, and lay it flat. || Both hands smooth the green napkin flat on the table and fold its top half down to the bottom edge. || Both hands fold the green napkin, lift it, and place it onto the stack of folded napkins on the table. || Both hands reach toward the pile of unfolded napkins, grasp a green napkin, carry it to the center of the table, and lay it flat. || Both hands smooth the green napkin flat on the table and fold its side edges inwards. || The right hand grasps the folded green napkin, lifts it, and places it onto the stack of folded napkins on the table while the left hand rests idle."
019e1288-2ff2-7cc1-b01d-ed29f71f93b9,CG-000073,critical,28,28,122.767,153.0,30.233,4,"29,30,31,32",129.0,146.84,17.84,0.59,"Both hands reach to the left and pick up a green napkin from the table, pull it open, and spread it flat on the table. Both hands fold the napkin continuously till it forms a small rectangular shape. Both hands lift the folded napkin and place it on the right side of the table on top of the folded yellow napkin and the folded pink one, beside the folded green napkin, and withdraw.","The right hand grasps the folded green napkin, lifts it, and places it onto the stack of folded napkins on the table while the left hand rests idle. || Both hands reach toward a green napkin, grasp it, pull it to the center of the table, and lay it flat. || Both hands fold the side edges of the green napkin inwards and smooth the fabric flat on the table. || The right hand grasps the folded green napkin, lifts it, and places it onto the stack of folded napkins on the table while the left hand rests idle."
019e173a-9c22-7023-b4f7-d2f0242fca4f,CG-000074,critical,0,0,0.0,30.333,30.333,2,"1,2",6.0,24.166,18.166,0.599,"Both hands grasps the white earphone cable on the white table,hold and adjust it ,the right hand pulls the white earphone cable and folds it into loops around left hand fingers ,the right hand removes the bundled loop from the left hand fingers,the left hand holds the bundled loops of the earphone cable while the right hand grasps the twist tie from the white table, the left hand holds the bundle steady while the right hand wraps the white earphone cable tightly around the center of the bundle with the twist tie,both hands tie the bundle with twist tie,the right hand loop the twist tie while the left hand holds the bundle,the right hand places the bundle of eraphone cable in a clear plastic container while the left hand remains idle",The right hand pulls the white earphone cable and folds it into additional loops while the left hand holds the bundled loops and adjusts its grip. || The right hand wraps the white earphone cable tightly around the center of the bundle while the left hand holds the bundle steady.
019e173a-9c22-7023-b4f7-d2f0242fca4f,CG-000075,critical,4,4,30.333,74.0,43.667,3,"5,6,7",45.0,73.667,28.667,0.656,"Both hands grasp the white earphone cable on the white table,hold and adjust it ,the right hand pulls the white earphone cable and folds it into loops around left hand fingers , the right hand adjusts the white earphone cable and folds it into loops around left hand fingers,the right hand removes the bundled loop from the left hand fingers,,both hand adjust bundled loop of white earphone cable, the left hand holds the bundled loops of the earphone cable while the right hand grasps the twist tie from the white table, the left hand holds the bundle steady while the right hand wraps the white earphone cable tightly around the center of the bundle with the twist tie,both hands tie the bundle with twist tie and the right hand adjudts the white earphone cable  while the left hand tie the twist tie around the bundled loop,the right hand places the bundle of earphone cable in a clear plastic container while the left remains idle","The right hand wraps the loose end of the white earphone cable around the bundle, briefly releasing and regripping to pull it tighter, while the left hand holds the coiled bundle. || The right hand wraps the loose end of the white earphone cable multiple times around the center of the bundle and tucks the plug end into a loop while the left hand holds the bundle securely. || The right hand pulls the plug end of the white earphone cable through a loop to secure the bundle while the left hand wraps a small black twist tie around it."
